<assembly
	xmlns="http://maven.apache.org/plugins/maven-assembly-plugin/assembly/1.1.2"
	xmlns:xsi="http://www.w3.org/2001/XMLSchema-instance"
	xsi:schemaLocation="http://maven.apache.org/plugins/maven-assembly-plugin/assembly/1.1.2 http://maven.apache.org/xsd/assembly-1.1.2.xsd">
	<id>src</id>
	<formats>
		<format>zip</format>
	</formats>
	<includeBaseDirectory>false</includeBaseDirectory>
	<fileSets>
		<fileSet>
			<directory>${project.basedir}/src</directory>
			<outputDirectory>/src</outputDirectory>
		</fileSet>
		<fileSet>
			<includes>
        		<include>${project.basedir}/pom.xml</include>
      		</includes>
      		<useDefaultExcludes>true</useDefaultExcludes>
		</fileSet>
	</fileSets>
</assembly>